titre,titre_original,score,genre,annee,duree,descriptions,acteurs,public,pays,langue
The Shawshank Redemption,,9.3,"Drama,Back to top",1994,142.0,"Over the course of several years, two convicts form a friendship, seeking consolation and, eventually, redemption through basic compassion.","Tim Robbins,Morgan Freeman,Bob Gunton",R,United States,English
The Godfather,,9.2,"Crime,Drama,Back to top",1972,175.0,The aging patriarch of an organized crime dynasty in postwar New York City transfers control of his clandestine empire to his reluctant youngest son.,"Marlon Brando,Al Pacino,James Caan",R,United States,English
The Dark Knight,,9.0,"Action,Crime,Drama,Back to top",2008,152.0,"When the menace known as the Joker wreaks havoc and chaos on the people of Gotham, Batman must accept one of the greatest psychological and physical tests of his ability to fight injustice.","Christian Bale,Heath Ledger,Aaron Eckhart",PG-13,United States,English
The Godfather Part II,,9.0,"Crime,Drama,Back to top",1974,202.0,"The early life and career of Vito Corleone in 1920s New York City is portrayed, while his son, Michael, expands and tightens his grip on the family crime syndicate.","Al Pacino,Robert De Niro,Robert Duvall",R,United States,English
It Happened One Night,,8.1,"Comedy,Romance,Back to top",1934,105.0,"A renegade reporter trailing a young runaway heiress for a big story joins her on a bus heading from Florida to New York, and they end up stuck with each other when the bus leaves them behind at one of the stops.","Clark Gable,Claudette Colbert,Walter Connolly",Passed,United States,English
Life of Brian,,8.0,"Comedy,Back to top",1979,94.0,"Born on the original Christmas in the stable next door to Jesus Christ, Brian of Nazareth spends his life being mistaken for a messiah.","Graham Chapman,John Cleese,Michael Palin",R,United Kingdom,English
Persona,,8.1,"Drama,Thriller,Back to top",1966,83.0,A nurse is put in charge of a mute actress and finds that their personae are melding together.,"Bibi Andersson,Liv Ullmann,Margaretha Krook",Not Rated,Sweden,Swedish
The 400 Blows,Original title: Les quatre cents coups,8.1,"Crime,Drama,Back to top",1959,99.0,"A young boy, left without attention, delves into a life of petty crime.","Jean-Pierre Léaud,Albert Rémy,Claire Maurier",Not Rated,France,French
Dances with Wolves,,8.0,"Adventure,Drama,Western,Back to top",1990,181.0,"Lieutenant John Dunbar, assigned to a remote western Civil War outpost, finds himself engaging with a neighbouring Sioux settlement, causing him to question his own purpose.","Kevin Costner,Mary McDonnell,Graham Greene",PG-13,United States,English
Dersu Uzala,,8.2,"Adventure,Biography,Drama,Back to top",1975,142.0,The Russian army sends an explorer on an expedition to the snowy Siberian wilderness where he makes friends with a seasoned local hunter.,"Maksim Munzuk,Yuriy Solomin,Mikhail Bychkov",G,Soviet Union,Russian
Aladdin,,8.0,"Animation,Adventure,Comedy,Back to top",1992,90.0,A kindhearted street urchin and a power-hungry Grand Vizier vie for a magic lamp that has the power to make their deepest wishes come true.,"Scott Weinger,Robin Williams,Linda Larkin",G,United States,English
The Help,,8.1,"Drama,Back to top",2011,146.0,"An aspiring author during the civil rights movement of the 1960s decides to write a book detailing the African American maids' point of view on the white families for which they work, and the hardships they go through on a daily basis.","Viola Davis,Emma Stone,Octavia Spencer",PG-13,United States,English
The Iron Giant,,8.1,"Animation,Action,Adventure,Back to top",1999,86.0,A young boy befriends a giant robot from outer space that a paranoid government agent wants to destroy.,"Eli Marienthal,Harry Connick Jr.,Jennifer Aniston",PG,United States,English
The Sound of Music,,8.1,"Biography,Drama,Family,Back to top",1965,172.0,A young novice is sent by her convent in 1930s Austria to become a governess to the seven children of a widowed naval officer.,"Julie Andrews,Christopher Plummer,Eleanor Parker",G,United States,English
The Handmaiden,Original title: Ah-ga-ssi,8.1,"Drama,Romance,Thriller,Back to top",2016,145.0,"A woman is hired as a handmaiden to a Japanese heiress, but secretly she is involved in a plot to defraud her.","Kim Min-hee,Ha Jung-woo,Cho Jin-woong",Not Rated,South Korea,Korean
Rebecca,,8.1,"Drama,Film-Noir,Mystery,Back to top",1940,130.0,A self-conscious woman juggles adjusting to her new role as an aristocrat's wife and avoiding being intimidated by his first wife's spectral presence.,"Laurence Olivier,Joan Fontaine,George Sanders",Approved,United States,English
Cool Hand Luke,,8.1,"Crime,Drama,Back to top",1967,127.0,"A laid back Southern man is sentenced to two years in a rural prison, but refuses to conform.","Paul Newman,George Kennedy,Strother Martin",GP,United States,English
Amores Perros,Original title: Amores perros,8.1,"Drama,Thriller,Back to top",2000,154.0,"A horrific car accident connects three stories, each involving characters dealing with loss, regret, and life's harsh realities, all in the name of love.","Emilio Echevarría,Gael García Bernal,Goya Toledo",R,Mexico,Spanish
My Father and My Son,Original title: Babam ve Oglum,8.2,"Drama,Family,Back to top",2005,112.0,The family of a left-wing journalist is torn apart after the military coup of Turkey in 1980.,"Çetin Tekindor,Fikret Kuskan,Hümeyra",Not Rated,Turkey,Turkish
Jai Bhim,,8.8,"Crime,Drama,Mystery,Back to top",2021,164.0,"When a tribal man is arrested for a case of alleged theft, his wife turns to a human-rights lawyer to help bring justice.","Suriya,Lijo Mol Jose,Manikandan K.",TV-MA,India,Tamil
The Battle of Algiers,Original title: La battaglia di Algeri,8.1,"Drama,War,Back to top",1966,121.0,"In the 1950s, fear and violence escalate as the people of Algiers fight for independence from the French government.","Brahim Hadjadj,Jean Martin,Yacef Saadi",Not Rated,Italy,Arabic
The Grapes of Wrath,,8.1,"Drama,Back to top",1940,129.0,"An Oklahoma family, driven off their farm by the poverty and hopelessness of the Dust Bowl, joins the westward migration to California, suffering the misfortunes of the homeless in the Great Depression.","Henry Fonda,Jane Darwell,John Carradine",Passed,United States,English
Hachi: A Dog's Tale,,8.1,"Biography,Drama,Family,Back to top",2009,93.0,A college professor bonds with an abandoned dog he takes into his home.,"Richard Gere,Joan Allen,Cary-Hiroyuki Tagawa",G,United Kingdom,English
Pather Panchali,,8.2,"Drama,Back to top",1955,125.0,"Impoverished priest Harihar Ray, dreaming of a better life for himself and his family, leaves his rural Bengal village in search of work.","Kanu Bannerjee,Karuna Bannerjee,Subir Banerjee",Not Rated,India,Bengali
Pirates of the Caribbean: The Curse of the Black Pearl,,8.1,"Action,Adventure,Fantasy,Back to top",2003,143.0,"Blacksmith Will Turner teams up with eccentric pirate ""Captain"" Jack Sparrow to save his love, the governor's daughter, from Jack's former pirate allies, who are now undead.","Johnny Depp,Geoffrey Rush,Orlando Bloom",PG-13,United States,English
To Be or Not to Be,,8.2,"Comedy,Romance,War,Back to top",1942,99.0,"During the Nazi occupation of Poland, an acting troupe becomes embroiled in a Polish soldier's efforts to track down a German spy.","Carole Lombard,Jack Benny,Robert Stack",Passed,United States,English
La haine,,8.1,"Crime,Drama,Back to top",1995,98.0,24 hours in the lives of three young men in the French suburbs the day after a violent riot.,"Vincent Cassel,Hubert Koundé,Saïd Taghmaoui",Not Rated,France,French
The Incredibles,,8.0,"Animation,Action,Adventure,Back to top",2004,115.0,"While trying to lead a quiet suburban life, a family of undercover superheroes are forced into action to save the world.","Craig T. Nelson,Samuel L. Jackson,Holly Hunter",PG,United States,English
Groundhog Day,,8.0,"Comedy,Drama,Fantasy,Back to top",1993,101.0,"A narcissistic, self-centered weatherman finds himself in a time loop on Groundhog Day, and the day keeps repeating until he gets it right.","Bill Murray,Andie MacDowell,Chris Elliott",PG,United States,English
The Exorcist,,8.1,"Horror,Back to top",1973,122.0,"When a 12 year old girl is possessed by a mysterious entity, her mother seeks the help of two priests to save her daughter.","Ellen Burstyn,Max von Sydow,Linda Blair",R,United States,English
The Best Years of Our Lives,,8.1,"Drama,Romance,War,Back to top",1946,170.0,"Three World War II veterans, two of them traumatized or disabled, return home to the American midwest to discover that they and their families have been irreparably changed.","Myrna Loy,Dana Andrews,Fredric March",Approved,United States,English
The Wizard of Oz,,8.1,"Adventure,Family,Fantasy,Back to top",1939,102.0,"Young Dorothy Gale and her dog Toto are swept away by a tornado from their Kansas farm to the magical Land of Oz, and embark on a quest with three new friends to see the Wizard, who can return her to her home and fulfill the others' wishes.","Judy Garland,Frank Morgan,Ray Bolger",G,United States,English
Into the Wild,,8.1,"Adventure,Biography,Drama,Back to top",2007,148.0,"After graduating from Emory University, top student and athlete Christopher McCandless abandons his possessions, gives his entire $24,000 savings account to charity and hitchhikes to Alaska to live in the wilderness. Along the way, Christopher encounters a series of characters th...","Emile Hirsch,Vince Vaughn,Catherine Keener",R,United States,English
Before Sunset,,8.1,"Drama,Romance,Back to top",2004,80.0,"Nine years after Jesse and Celine first met, they encounter each other again on the French leg of Jesse's book tour.","Ethan Hawke,Julie Delpy,Vernon Dobtcheff",R,United States,English
Network,,8.1,"Drama,Back to top",1976,121.0,"A television network cynically exploits a deranged former anchor's ravings and revelations about the news media for its own profit, but finds that his message may be difficult to control.","Faye Dunaway,William Holden,Peter Finch",R,United States,English
Rush,,8.1,"Action,Biography,Drama,Back to top",2013,123.0,The merciless 1970s rivalry between Formula One rivals James Hunt and Niki Lauda.,"Daniel Brühl,Chris Hemsworth,Olivia Wilde",R,United Kingdom,English
Stand by Me,,8.1,"Adventure,Drama,Back to top",1986,89.0,"After the death of one of his friends, a writer recounts a childhood journey with his friends to find the body of a missing boy.","Wil Wheaton,River Phoenix,Corey Feldman",R,United States,English
The Terminator,,8.1,"Action,Sci-Fi,Back to top",1984,107.0,"A human soldier is sent from 2029 to 1984 to stop an almost indestructible cyborg killing machine, sent from the same year, which has been programmed to execute a young woman whose unborn son is the key to humanity's future salvation.","Arnold Schwarzenegger,Linda Hamilton,Michael Biehn",R,United Kingdom,English
Logan,,8.1,"Action,Drama,Sci-Fi,Back to top",2017,137.0,"In a future where mutants are nearly extinct, an elderly and weary Logan leads a quiet life. But when Laura, a mutant child pursued by scientists, comes to him for help, he must get her to safety.","Hugh Jackman,Patrick Stewart,Dafne Keen",R,United States,English
Spotlight,,8.1,"Biography,Crime,Drama,Back to top",2015,129.0,"The true story of how the Boston Globe uncovered the massive scandal of child molestation and cover-up within the local Catholic Archdiocese, shaking the entire Catholic Church to its core.","Mark Ruffalo,Michael Keaton,Rachel McAdams",R,United States,English
Platoon,,8.1,"Drama,War,Back to top",1986,,"Chris Taylor, a neophyte recruit in Vietnam, finds himself caught in a battle of wills between two sergeants, one good and the other evil. A shrewd examination of the brutality of war and the duality of man in conflict.","Charlie Sheen,Tom Berenger,Willem Dafoe",R,United States,English
Ratatouille,,8.1,"Animation,Adventure,Comedy,Back to top",2007,111.0,A rat who can cook makes an unusual alliance with a young kitchen worker at a famous Paris restaurant.,"Brad Garrett,Lou Romano,Patton Oswalt",G,United States,English
Rocky,,8.1,"Drama,Sport,Back to top",1976,,A small-time Philadelphia boxer gets a supremely rare chance to fight the world heavyweight champion in a bout in which he strives to go the distance for his self-respect.,"Sylvester Stallone,Talia Shire,Burt Young",PG,United States,English
Hotel Rwanda,,8.1,"Biography,Drama,History,Back to top",2004,121.0,"Paul Rusesabagina, a hotel manager, houses over a thousand Tutsi refugees during their struggle against the Hutu militia in Rwanda, Africa.","Don Cheadle,Sophie Okonedo,Joaquin Phoenix",PG-13,United Kingdom,English
Ford v Ferrari,,8.1,"Action,Biography,Drama,Back to top",2019,152.0,American car designer Carroll Shelby and driver Ken Miles battle corporate interference and the laws of physics to build a revolutionary race car for Ford in order to defeat Ferrari at the 24 Hours of Le Mans in 1966.,"Matt Damon,Christian Bale,Jon Bernthal",PG-13,United States,English
The Passion of Joan of Arc,Original title: La passion de Jeanne d'Arc,8.2,"Biography,Drama,History,Back to top",1928,114.0,"In 1431, Jeanne d'Arc is placed on trial on charges of heresy. The ecclesiastical jurists attempt to force Jeanne to recant her claims of holy visions.","Maria Falconetti,Eugene Silvain,André Berley",Passed,France,None
Tokyo Story,Original title: Tôkyô monogatari,8.2,"Drama,Back to top",1953,136.0,"An old couple visit their children and grandchildren in the city, but receive little attention.","Chishû Ryû,Chieko Higashiyama,Sô Yamamura",Not Rated,Japan,Japanese
The Big Lebowski,,8.1,"Comedy,Crime,Back to top",1998,117.0,"Ultimate L.A. slacker Jeff ""The Dude"" Lebowski, mistaken for a millionaire of the same name, seeks restitution for a rug ruined by debt collectors, enlisting his bowling buddies for help while trying to find the millionaire's missing wife.","Jeff Bridges,John Goodman,Julianne Moore",R,United States,English
Room,,8.1,"Drama,Thriller,Back to top",2015,118.0,"A little boy is held captive in a room with his mother since his birth, so he has never known the world outside.","Brie Larson,Jacob Tremblay,Sean Bridgers",R,Ireland,English
Jaws,,8.1,"Adventure,Thriller,Back to top",1975,124.0,"When a killer shark unleashes chaos on a beach community off Cape Cod, it's up to a local sheriff, a marine biologist, and an old seafarer to hunt the beast down.","Roy Scheider,Robert Shaw,Richard Dreyfuss",PG,United States,English
Dead Poets Society,,8.1,"Comedy,Drama,Back to top",1989,128.0,Maverick teacher John Keating uses poetry to embolden his boarding school students to new heights of self-expression.,"Robin Williams,Robert Sean Leonard,Ethan Hawke",PG,United States,English
"Monsters, Inc.",,8.1,"Animation,Adventure,Comedy,Back to top",2001,92.0,"In order to power the city, monsters have to scare children so that they scream. However, the children are toxic to the monsters, and after a child gets through, two monsters realize things may not be what they think.","Billy Crystal,John Goodman,Mary Gibbs",G,United States,English
How to Train Your Dragon,,8.1,"Animation,Action,Adventure,Back to top",2010,98.0,"A hapless young Viking who aspires to hunt dragons becomes the unlikely friend of a young dragon himself, and learns there may be more to the creatures than he assumed.","Jay Baruchel,Gerard Butler,Christopher Mintz-Plasse",PG,United States,English
The Seventh Seal,Original title: Det sjunde inseglet,8.1,"Drama,Fantasy,Back to top",1957,96.0,"A knight returning to Sweden after the Crusades seeks answers about life, death, and the existence of God as he plays chess against the Grim Reaper during the Black Plague.","Max von Sydow,Gunnar Björnstrand,Bengt Ekerot",Not Rated,Sweden,Swedish
Mary and Max,Original title: Mary and Max.,8.1,"Animation,Comedy,Drama,Back to top",2009,92.0,"A tale of friendship between two unlikely pen pals: Mary, a lonely, eight-year-old girl living in the suburbs of Melbourne, and Max, a forty-four-year old, severely obese man living in New York.","Toni Collette,Philip Seymour Hoffman,Eric Bana",Not Rated,Australia,English
Mad Max: Fury Road,,8.1,"Action,Adventure,Sci-Fi,Back to top",2015,,"In a post-apocalyptic wasteland, a woman rebels against a tyrannical ruler in search for her homeland with the aid of a group of female prisoners, a psychotic worshiper and a drifter named Max.","Tom Hardy,Charlize Theron,Nicholas Hoult",R,Australia,English
Mr. Smith Goes to Washington,,8.1,"Comedy,Drama,Back to top",1939,129.0,"A naive youth leader is appointed to fill a vacancy in the U.S. Senate. His idealistic plans promptly collide with corruption at home and subterfuge from his hero in Washington, but he tries to forge ahead despite attacks on his character.","James Stewart,Jean Arthur,Claude Rains",Passed,United States,English
Sherlock Jr.,,8.2,"Action,Comedy,Romance,Back to top",1924,,"A film projectionist longs to be a detective, and puts his meagre skills to work when he is framed by a rival for stealing his girlfriend's father's pocketwatch.","Buster Keaton,Kathryn McGuire,Joe Keaton",Passed,United States,None
Wild Tales,Original title: Relatos salvajes,8.1,"Comedy,Drama,Thriller,Back to top",2014,122.0,Six short stories that explore the extremities of human behavior involving people in distress.,"Darío Grandinetti,María Marull,Mónica Villa",R,Argentina,Spanish
Memories of Murder,Original title: Salinui chueok,8.1,"Crime,Drama,Mystery,Back to top",2003,132.0,"In a small Korean province in 1986, two detectives struggle with the case of multiple young women being found raped and murdered by an unknown culprit.","Song Kang-ho,Kim Sang-kyung,Roe-ha Kim",Not Rated,South Korea,Korean
The Wages of Fear,Original title: Le salaire de la peur,8.2,"Adventure,Drama,Thriller,Back to top",1953,131.0,"In a decrepit South American village, four men are hired to transport an urgent nitroglycerine shipment without the equipment that would make it safe.","Yves Montand,Charles Vanel,Peter van Eyck",Not Rated,France,French
Hacksaw Ridge,,8.1,"Biography,Drama,History,Back to top",2016,139.0,"World War II American Army Medic Desmond T. Doss, who served during the Battle of Okinawa, refuses to kill people and becomes the first man in American history to receive the Medal of Honor without firing a shot.","Andrew Garfield,Sam Worthington,Luke Bracey",R,Australia,English
The Third Man,,8.1,"Film-Noir,Mystery,Thriller,Back to top",1949,93.0,"Pulp novelist Holly Martins travels to shadowy, postwar Vienna, only to find himself investigating the mysterious death of an old friend, Harry Lime.","Orson Welles,Joseph Cotten,Alida Valli",Approved,United Kingdom,English
The Deer Hunter,,8.1,"Drama,War,Back to top",1978,183.0,An in-depth examination of the ways in which the Vietnam War impacts and disrupts the lives of several friends in a small steel mill town in Pennsylvania.,"Robert De Niro,Christopher Walken,John Cazale",R,United States,English
In the Name of the Father,,8.1,"Biography,Crime,Drama,Back to top",1993,133.0,A man's coerced confession to an I.R.A. bombing he did not commit results in the imprisonment of his father as well. An English lawyer fights to free them.,"Daniel Day-Lewis,Pete Postlethwaite,Alison Crosbie",R,Ireland,English
Barry Lyndon,,8.1,"Adventure,Drama,War,Back to top",1975,185.0,An Irish rogue wins the heart of a rich widow and assumes her dead husband's aristocratic position in 18th-century England.,"Ryan O'Neal,Marisa Berenson,Patrick Magee",PG,United Kingdom,English
The General,,8.1,"Action,Adventure,Comedy,Back to top",1926,67.0,"After being rejected by the Confederate military, not realizing it was due to his crucial civilian role, an engineer must single-handedly recapture his beloved locomotive after it is seized by Union spies and return it through enemy lines.","Buster Keaton,Marion Mack,Glen Cavender",Passed,United States,None
Wild Strawberries,Original title: Smultronstället,8.1,"Drama,Romance,Back to top",1957,91.0,"After living a life marked by coldness, an aging professor is forced to confront the emptiness of his existence.","Victor Sjöström,Bibi Andersson,Ingrid Thulin",Not Rated,Sweden,Swedish
Gone Girl,,8.1,"Drama,Mystery,Thriller,Back to top",2014,149.0,"With his wife's disappearance having become the focus of an intense media circus, a man sees the spotlight turned on him when it's suspected that he may not be innocent.","Ben Affleck,Rosamund Pike,Neil Patrick Harris",R,United States,English
The Grand Budapest Hotel,,8.1,"Adventure,Comedy,Crime,Back to top",2014,99.0,"A writer encounters the owner of an aging high-class hotel, who tells him of his early years serving as a lobby boy in the hotel's glorious years under an exceptional concierge.","Ralph Fiennes,F. Murray Abraham,Mathieu Amalric",R,United States,English
Ben-Hur,,8.1,"Adventure,Drama,Back to top",1959,212.0,"After a Jewish prince is betrayed and sent into slavery by a Roman friend in 1st-century Jerusalem, he regains his freedom and comes back for revenge.","Charlton Heston,Jack Hawkins,Stephen Boyd",G,United States,English
On the Waterfront,,8.1,"Crime,Drama,Thriller,Back to top",1954,108.0,"An ex-prize fighter turned New Jersey longshoreman struggles to stand up to his corrupt union bosses, including his older brother, as he starts to connect with the grieving sister of one of the syndicate's victims.","Marlon Brando,Karl Malden,Lee J. Cobb",Approved,United States,English
12 Years a Slave,,8.1,"Biography,Drama,History,Back to top",2013,134.0,"In the antebellum United States, Solomon Northup, a free black man from upstate New York, is abducted and sold into slavery.","Chiwetel Ejiofor,Michael Kenneth Williams,Michael Fassbender",R,United States,English
Before Sunrise,,8.1,"Drama,Romance,Back to top",1995,101.0,"A young man and woman meet on a train in Europe, and wind up spending one evening together in Vienna. Unfortunately, both know that this will probably be their only night together.","Ethan Hawke,Julie Delpy,Andrea Eckert",R,United States,English
Harry Potter and the Deathly Hallows: Part 2,,8.1,"Adventure,Family,Fantasy,Back to top",2011,130.0,"Harry, Ron, and Hermione search for Voldemort's remaining Horcruxes in their effort to destroy the Dark Lord as the final battle rages on at Hogwarts.","Daniel Radcliffe,Emma Watson,Rupert Grint",PG-13,United Kingdom,English
Klaus,,8.2,"Animation,Adventure,Comedy,Back to top",2019,96.0,"A simple act of kindness always sparks another, even in a frozen, faraway place. When Smeerensburg's new postman, Jesper, befriends toymaker Klaus, their gifts melt an age-old feud and deliver a sleigh full of holiday traditions.","Jason Schwartzman,J.K. Simmons,Rashida Jones",PG,Spain,English
The Gold Rush,,8.1,"Adventure,Comedy,Drama,Back to top",1925,95.0,"A prospector goes to the Klondike during the 1890s gold rush in hopes of making his fortune, and is smitten with a girl he sees in a dance hall.","Charles Chaplin,Mack Swain,Tom Murray",Passed,United States,None
Blade Runner,,8.1,"Action,Drama,Sci-Fi,Back to top",1982,117.0,A blade runner must pursue and terminate four replicants who stole a ship in space and have returned to Earth to find their creator.,"Harrison Ford,Rutger Hauer,Sean Young",R,United States,English
Children of Heaven,Original title: Bacheha-Ye aseman,8.2,"Drama,Family,Sport,Back to top",1997,89.0,"After a boy loses his sister's pair of shoes, he goes on a series of adventures in order to find them. When he can't, he tries a new way to ""win"" a new pair.","Mohammad Amir Naji,Amir Farrokh Hashemian,Bahare Seddiqi",PG,Iran,Persian
Million Dollar Baby,,8.1,"Drama,Sport,Back to top",2004,132.0,A determined woman works with a hardened boxing trainer to become a professional.,"Hilary Swank,Clint Eastwood,Morgan Freeman",PG-13,United States,English
Catch Me If You Can,,8.1,"Biography,Crime,Drama,Back to top",2002,141.0,"Barely 21 yet, Frank is a skilled forger who has passed as a doctor, lawyer and pilot. FBI agent Carl becomes obsessed with tracking down the con man, who only revels in the pursuit.","Leonardo DiCaprio,Tom Hanks,Christopher Walken",PG-13,United States,English
My Neighbor Totoro,Original title: Tonari no Totoro,8.1,"Animation,Comedy,Family,Back to top",1988,86.0,"When two girls move to the country to be near their ailing mother, they have adventures with the wondrous forest spirits who live nearby.","Hitoshi Takagi,Noriko Hidaka,Chika Sakamoto",G,Japan,Japanese
John Wick: Chapter 4,,8.2,"Action,Crime,Thriller,Back to top",2023,169.0,"John Wick uncovers a path to defeating The High Table. But before he can earn his freedom, Wick must face off against a new enemy with powerful alliances across the globe and forces that turn old friends into foes.","Keanu Reeves,Laurence Fishburne,George Georgiou",R,United States,English
Gran Torino,,8.1,"Drama,Back to top",2008,116.0,"After a Hmong teenager tries to steal his prized 1972 Gran Torino, a disgruntled, prejudiced Korean War veteran seeks to redeem both the boy and himself.","Clint Eastwood,Bee Vang,Christopher Carley",R,Germany,English
Warrior,,8.2,"Action,Drama,Sport,Back to top",2011,140.0,"The youngest son of an alcoholic former boxer returns home, where he's trained by his father for competition in a mixed martial arts tournament - a path that puts the fighter on a collision course with his estranged, older brother.","Tom Hardy,Nick Nolte,Joel Edgerton",PG-13,United States,English
Prisoners,,8.1,"Crime,Drama,Mystery,Back to top",2013,153.0,"When Keller Dover's daughter and her friend go missing, he takes matters into his own hands as the police pursue multiple leads and the pressure mounts.","Hugh Jackman,Jake Gyllenhaal,Viola Davis",R,United States,English
Fargo,,8.1,"Crime,Thriller,Back to top",1996,98.0,Minnesota car salesman Jerry Lundegaard's inept crime falls apart due to his and his henchmen's bungling and the persistent police work of the quite pregnant Marge Gunderson.,"William H. Macy,Frances McDormand,Steve Buscemi",R,United States,English
The Bridge on the River Kwai,,8.2,"Adventure,Drama,War,Back to top",1957,161.0,"British POWs are forced to build a railway bridge across the river Kwai for their Japanese captors in occupied Burma, not knowing that the allied forces are planning a daring commando raid through the jungle to destroy it.","William Holden,Alec Guinness,Jack Hawkins",PG,United Kingdom,English
Trainspotting,,8.1,"Drama,Back to top",1996,93.0,"Renton, deeply immersed in the Edinburgh drug scene, tries to clean up and get out, despite the allure of the drugs and influence of friends.","Ewan McGregor,Ewen Bremner,Jonny Lee Miller",R,United Kingdom,English
"Three Billboards Outside Ebbing, Missouri",,8.1,"Comedy,Crime,Drama,Back to top",2017,115.0,A mother personally challenges the local authorities to solve her daughter's murder when they fail to catch the culprit.,"Frances McDormand,Woody Harrelson,Sam Rockwell",R,United Kingdom,English
Howl's Moving Castle,Original title: Hauru no ugoku shiro,8.2,"Animation,Adventure,Family,Back to top",2004,119.0,"When an unconfident young woman is cursed with an old body by a spiteful witch, her only chance of breaking the spell lies with a self-indulgent yet insecure young wizard and his companions in his legged, walking castle.","Chieko Baisho,Takuya Kimura,Tatsuya Gashûin",PG,Japan,Japanese
The Secret in Their Eyes,Original title: El secreto de sus ojos,8.2,"Drama,Mystery,Romance,Back to top",2009,129.0,A retired legal counselor writes a novel hoping to find closure for one of his past unresolved homicide cases and for his unreciprocated love with his superior - both of which still haunt him decades later.,"Ricardo Darín,Soledad Villamil,Pablo Rago",R,Argentina,Spanish
Inside Out,,8.1,"Animation,Adventure,Comedy,Back to top",2015,95.0,"After young Riley is uprooted from her Midwest life and moved to San Francisco, her emotions - Joy, Fear, Anger, Disgust and Sadness - conflict on how best to navigate a new city, house, and school.","Amy Poehler,Bill Hader,Lewis Black",PG,United States,English
Dial M for Murder,,8.2,"Crime,Thriller,Back to top",1954,105.0,A former tennis star arranges the murder of his adulterous wife.,"Ray Milland,Grace Kelly,Robert Cummings",PG,United States,English
"Lock, Stock and Two Smoking Barrels",,8.1,"Action,Comedy,Crime,Back to top",1998,107.0,"Eddy persuades his three pals to pool money for a vital poker game against a powerful local mobster, Hatchet Harry. Eddy loses, after which Harry gives him a week to pay back 500,000 pounds.","Jason Flemyng,Dexter Fletcher,Nick Moran",R,United Kingdom,English
V for Vendetta,,8.2,"Action,Drama,Sci-Fi,Back to top",2005,132.0,"In a future British dystopian society, a shadowy freedom fighter, known only by the alias of ""V"", plots to overthrow the tyrannical government - with the help of a young woman.","Hugo Weaving,Natalie Portman,Rupert Graves",R,United States,English
Gone with the Wind,,8.2,"Drama,Romance,War,Back to top",1939,238.0,American motion picture classic in which a manipulative woman and a roguish man conduct a turbulent romance during the Civil War and Reconstruction periods.,"Clark Gable,Vivien Leigh,Thomas Mitchell",Passed,United States,English
Raging Bull,,8.1,"Biography,Drama,Sport,Back to top",1980,129.0,"The life of boxer Jake LaMotta, whose violence and temper that led him to the top in the ring destroyed his life outside of it.","Robert De Niro,Cathy Moriarty,Joe Pesci",R,United States,English
Chinatown,,8.2,"Drama,Mystery,Thriller,Back to top",1974,130.0,"A private detective hired to expose an adulterer in 1930s Los Angeles finds himself caught up in a web of deceit, corruption, and murder.","Jack Nicholson,Faye Dunaway,John Huston",R,United States,English
The Elephant Man,,8.2,"Biography,Drama,Back to top",1980,124.0,"A Victorian surgeon rescues a heavily disfigured man who is mistreated while scraping a living as a side-show freak. Behind his monstrous façade, there is revealed a person of kindness, intelligence and sophistication.","Anthony Hopkins,John Hurt,Anne Bancroft",PG,United States,English
Spider-Man: No Way Home,,8.2,"Action,Adventure,Fantasy,Back to top",2021,148.0,"With Spider-Man's identity now revealed, Peter asks Doctor Strange for help. When a spell goes wrong, dangerous foes from other worlds start to appear, forcing Peter to discover what it truly means to be Spider-Man.","Tom Holland,Zendaya,Benedict Cumberbatch",PG-13,United States,English
Finding Nemo,,8.2,"Animation,Adventure,Comedy,Back to top",2003,100.0,"After his son is captured in the Great Barrier Reef and taken to Sydney, a timid clownfish sets out on a journey to bring him home.","Albert Brooks,Ellen DeGeneres,Alexander Gould",G,United States,English
The Thing,,8.2,"Horror,Mystery,Sci-Fi,Back to top",1982,109.0,A research team in Antarctica is hunted by a shape-shifting alien that assumes the appearance of its victims.,"Kurt Russell,Wilford Brimley,Keith David",R,United States,English
Rashomon,Original title: Rashômon,8.2,"Crime,Drama,Mystery,Back to top",1950,88.0,"The rape of a bride and the murder of her samurai husband are recalled from the perspectives of a bandit, the bride, the samurai's ghost and a woodcutter.","Toshirô Mifune,Machiko Kyô,Masayuki Mori",Not Rated,Japan,Japanese
The Great Escape,,8.2,"Adventure,Drama,History,Back to top",1963,172.0,Allied prisoners of war plan for several hundred of their number to escape from a German camp during World War II.,"Steve McQueen,James Garner,Richard Attenborough",Approved,United States,English
Kill Bill: Vol. 1,,8.2,"Action,Crime,Drama,Back to top",2003,111.0,"After awakening from a four-year coma, a former assassin wreaks vengeance on the team of assassins who betrayed her.","Uma Thurman,David Carradine,Daryl Hannah",R,United States,English
No Country for Old Men,,8.2,"Crime,Drama,Thriller,Back to top",2007,122.0,Violence and mayhem ensue after a hunter stumbles upon a drug deal gone wrong and more than two million dollars in cash near the Rio Grande.,"Tommy Lee Jones,Javier Bardem,Josh Brolin",R,United States,English
Monty Python and the Holy Grail,,8.2,"Adventure,Comedy,Fantasy,Back to top",1975,91.0,"King Arthur and his Knights of the Round Table embark on a surreal, low-budget search for the Holy Grail, encountering many, very silly obstacles.","Graham Chapman,John Cleese,Eric Idle",PG,United Kingdom,English
The Treasure of the Sierra Madre,,8.2,"Adventure,Drama,Western,Back to top",1948,126.0,Two down-on-their-luck Americans searching for work in 1920s Mexico convince an old prospector to help them mine for gold in the Sierra Madre Mountains.,"Humphrey Bogart,Walter Huston,Tim Holt",Passed,United States,English
Yojimbo,Original title: Yôjinbô,8.2,"Action,Drama,Thriller,Back to top",1961,110.0,A crafty ronin comes to a town divided by two criminal gangs and decides to play them against each other to free the town.,"Toshirô Mifune,Eijirô Tôno,Tatsuya Nakadai",Not Rated,Japan,Japanese
A Beautiful Mind,,8.2,"Biography,Drama,Back to top",2001,135.0,"After John Nash, a brilliant but asocial mathematician, accepts secret work in cryptography, his life takes a turn for the nightmarish.","Russell Crowe,Ed Harris,Jennifer Connelly",PG-13,United States,English
Jurassic Park,,8.2,"Action,Adventure,Sci-Fi,Back to top",1993,127.0,A pragmatic paleontologist touring an almost complete theme park on an island in Central America is tasked with protecting a couple of kids after a power failure causes the park's cloned dinosaurs to run loose.,"Sam Neill,Laura Dern,Jeff Goldblum",PG-13,United States,English
Shutter Island,,8.2,"Mystery,Thriller,Back to top",2010,138.0,"In 1954, a U.S. Marshal investigates the disappearance of a murderer who escaped from a hospital for the criminally insane.","Leonardo DiCaprio,Emily Mortimer,Mark Ruffalo",R,United States,English
The Sixth Sense,,8.2,"Drama,Mystery,Thriller,Back to top",1999,107.0,"A frightened, withdrawn Philadelphia boy who communicates with spirits seeks the help of a disheartened child psychologist.","Bruce Willis,Haley Joel Osment,Toni Collette",PG-13,United States,English
Unforgiven,,8.2,"Drama,Western,Back to top",1992,130.0,"Retired Old West gunslinger William Munny reluctantly takes on one last job, with the help of his old partner Ned Logan and a young man, The ""Schofield Kid.""","Clint Eastwood,Gene Hackman,Morgan Freeman",R,United States,English
Pan's Labyrinth,Original title: El laberinto del fauno,8.2,"Drama,Fantasy,War,Back to top",2006,118.0,"In the Falangist Spain of 1944, the bookish young stepdaughter of a sadistic army officer escapes into an eerie but captivating fantasy world.","Ivana Baquero,Ariadna Gil,Sergi López",R,Mexico,Spanish
There Will Be Blood,,8.2,"Drama,Back to top",2007,158.0,"A story of family, religion, hatred, oil and madness, focusing on a turn-of-the-century prospector in the early days of the business.","Daniel Day-Lewis,Paul Dano,Ciarán Hinds",R,United States,English
The Truman Show,,8.2,"Comedy,Drama,Back to top",1998,103.0,An insurance salesman discovers his whole life is actually a reality TV show.,"Jim Carrey,Ed Harris,Laura Linney",PG,United States,English
Casino,,8.2,"Crime,Drama,Back to top",1995,178.0,"A tale of greed, deception, money, power, and murder occur between two best friends: a mafia enforcer and a casino executive compete against each other over a gambling empire, and over a fast-living and fast-loving socialite.","Robert De Niro,Sharon Stone,Joe Pesci",R,United States,English
Ran,,8.2,"Action,Drama,War,Back to top",1985,162.0,"In Medieval Japan, an elderly warlord retires, handing over his empire to his three sons. However, he vastly underestimates how the new-found power will corrupt them and cause them to turn on each other...and him.","Tatsuya Nakadai,Akira Terao,Jinpachi Nezu",R,Japan,Japanese
Judgment at Nuremberg,,8.3,"Drama,War,Back to top",1961,179.0,"In 1948, an American court in occupied Germany tries four Nazis judged for war crimes.","Spencer Tracy,Burt Lancaster,Richard Widmark",Approved,United States,English
Green Book,,8.2,"Biography,Comedy,Drama,Back to top",2018,130.0,A working-class Italian-American bouncer becomes the driver for an African-American classical pianist on a tour of venues through the 1960s American South.,"Viggo Mortensen,Mahershala Ali,Linda Cardellini",PG-13,United States,English
The Wolf of Wall Street,,8.2,"Biography,Comedy,Crime,Back to top",2013,,"Based on the true story of Jordan Belfort, from his rise to a wealthy stock-broker living the high life to his fall involving crime, corruption and the federal government.","Leonardo DiCaprio,Jonah Hill,Margot Robbie",R,United States,English
All About Eve,,8.2,"Drama,Back to top",1950,138.0,A seemingly timid but secretly ruthless ingénue insinuates herself into the lives of an aging Broadway star and her circle of theater friends.,"Bette Davis,Anne Baxter,George Sanders",Passed,United States,English
The Father,,8.2,"Drama,Mystery,Back to top",2020,97.0,"A man refuses all assistance from his daughter as he ages. As he tries to make sense of his changing circumstances, he begins to doubt his loved ones, his own mind and even the fabric of his reality.","Anthony Hopkins,Olivia Colman,Mark Gatiss",PG-13,United Kingdom,English
The Kid,,8.3,"Comedy,Drama,Family,Back to top",1921,68.0,"The Tramp cares for an abandoned child, but events put their relationship in jeopardy.","Charles Chaplin,Edna Purviance,Jackie Coogan",Passed,United States,English
Some Like It Hot,,8.2,"Comedy,Music,Romance,Back to top",1959,121.0,"After two male musicians witness a mob hit, they flee the state in an all-female band disguised as women, but further complications set in.","Marilyn Monroe,Tony Curtis,Jack Lemmon",Passed,United States,English
Batman Begins,,8.2,"Action,Crime,Drama,Back to top",2005,140.0,"After training with his mentor, Batman begins his fight to free crime-ridden Gotham City from corruption.","Christian Bale,Michael Caine,Ken Watanabe",PG-13,United States,English
For a Few Dollars More,Original title: Per qualche dollaro in più,8.2,"Western,Back to top",1965,132.0,Two bounty hunters with the same intentions team up to track down an escaped Mexican outlaw.,"Clint Eastwood,Lee Van Cleef,Gian Maria Volontè",R,Italy,Italian
Dangal,,8.3,"Action,Biography,Drama,Back to top",2016,161.0,Former wrestler Mahavir Singh Phogat and his two wrestler daughters struggle towards glory at the Commonwealth Games in the face of societal oppression.,"Aamir Khan,Sakshi Tanwar,Fatima Sana Shaikh",Not Rated,India,Hindi
Downfall,Original title: Der Untergang,8.2,"Biography,Drama,History,Back to top",2004,156.0,"Traudl Junge, the final secretary for Adolf Hitler, tells of the Nazi dictator's final days in his Berlin bunker at the end of WWII.","Bruno Ganz,Alexandra Maria Lara,Ulrich Matthes",R,Germany,German
Top Gun: Maverick,,8.3,"Action,Drama,Back to top",2022,130.0,"After thirty years, Maverick is still pushing the envelope as a top naval aviator, but must confront ghosts of his past when he leads TOP GUN's elite graduates on a mission that demands the ultimate sacrifice from those chosen to fly it.","Tom Cruise,Jennifer Connelly,Miles Teller",PG-13,United States,English
1917,,8.2,"Action,Drama,War,Back to top",2019,119.0,"April 6th, 1917. As an infantry battalion assembles to wage war deep in enemy territory, two soldiers are assigned to race against time and deliver a message that will stop 1,600 men from walking straight into a deadly trap.","Dean-Charles Chapman,George MacKay,Daniel Mays",R,United Kingdom,English
Like Stars on Earth,Original title: Taare Zameen Par,8.3,"Drama,Family,Back to top",2007,165.0,"An eight-year-old boy is thought to be a lazy trouble-maker, until the new art teacher has the patience and compassion to discover the real problem behind his struggles in school.","Darsheel Safary,Aamir Khan,Tanay Chheda",PG,India,Hindi
Bicycle Thieves,Original title: Ladri di biciclette,8.3,"Drama,Back to top",1948,89.0,"In post-war Italy, a working-class man's bicycle is stolen, endangering his efforts to find work. He and his son set out to find it.","Lamberto Maggiorani,Enzo Staiola,Lianella Carell",Not Rated,Italy,Italian
Indiana Jones and the Last Crusade,,8.2,"Action,Adventure,Back to top",1989,127.0,"In 1938, after his father goes missing while pursuing the Holy Grail, Indiana Jones finds himself up against the Nazis again to stop them from obtaining its powers.","Harrison Ford,Sean Connery,Alison Doody",PG-13,United States,English
Snatch,,8.2,"Comedy,Crime,Back to top",2000,102.0,"Unscrupulous boxing promoters, violent bookmakers, a Russian gangster, incompetent amateur robbers and supposedly Jewish jewelers fight to track down a priceless stolen diamond.","Jason Statham,Brad Pitt,Stephen Graham",R,United Kingdom,English
Die Hard,,8.2,"Action,Thriller,Back to top",1988,132.0,A New York City police officer tries to save his estranged wife and several others taken hostage by terrorists during a Christmas party at the Nakatomi Plaza in Los Angeles.,"Bruce Willis,Alan Rickman,Bonnie Bedelia",R,United States,English
Taxi Driver,,8.2,"Crime,Drama,Back to top",1976,114.0,"A mentally unstable veteran works as a nighttime taxi driver in New York City, where the perceived decadence and sleaze fuels his urge for violent action.","Robert De Niro,Jodie Foster,Cybill Shepherd",R,United States,English
L.A. Confidential,,8.2,"Crime,Drama,Mystery,Back to top",1997,138.0,"As corruption grows in 1950s Los Angeles, three policemen - one strait-laced, one brutal, and one sleazy - investigate a series of murders with their own brand of justice.","Kevin Spacey,Russell Crowe,Guy Pearce",R,United States,English
Metropolis,,8.3,"Drama,Sci-Fi,Back to top",1927,153.0,"In a futuristic city sharply divided between the working class and the city planners, the son of the city's mastermind falls in love with a working-class prophet who predicts the coming of a savior to mediate their differences.","Brigitte Helm,Alfred Abel,Gustav Fröhlich",Not Rated,Germany,German
A Separation,Original title: Jodaeiye Nader az Simin,8.3,"Drama,Back to top",2011,123.0,A married couple are faced with a difficult decision - to improve the life of their child by moving to another country or to stay in Iran and look after a deteriorating parent who has Alzheimer's disease.,"Payman Maadi,Leila Hatami,Sareh Bayat",PG-13,Iran,Persian
The Sting,,8.3,"Comedy,Crime,Drama,Back to top",1973,129.0,Two grifters team up to pull off the ultimate con.,"Paul Newman,Robert Redford,Robert Shaw",PG,United States,English
Up,,8.3,"Animation,Adventure,Comedy,Back to top",2009,96.0,"78-year-old Carl Fredricksen travels to Paradise Falls in his house equipped with balloons, inadvertently taking a young stowaway.","Edward Asner,Jordan Nagai,John Ratzenberger",PG,United States,English
To Kill a Mockingbird,,8.3,"Crime,Drama,Back to top",1962,129.0,"Atticus Finch, a widowed lawyer in Depression-era Alabama, defends a Black man against an undeserved rape charge, and tries to educate his young children against prejudice.","Gregory Peck,John Megna,Frank Overton",Approved,United States,English
Incendies,,8.3,"Drama,Mystery,Back to top",2010,131.0,Twins journey to the Middle East to discover their family history and fulfill their mother's last wishes.,"Lubna Azabal,Mélissa Désormeaux-Poulin,Maxim Gaudette",R,Canada,French
Heat,,8.3,"Action,Crime,Drama,Back to top",1995,170.0,A group of high-end professional thieves start to feel the heat from the LAPD when they unknowingly leave a clue at their latest heist.,"Al Pacino,Robert De Niro,Val Kilmer",R,United States,English
Hamilton,,8.3,"Biography,Drama,History,Back to top",2020,160.0,"The real life of one of America's foremost founding fathers and first Secretary of the Treasury, Alexander Hamilton. Captured live on Broadway from the Richard Rodgers Theater with the original Broadway cast.","Lin-Manuel Miranda,Phillipa Soo,Leslie Odom Jr.",PG-13,United States,English
Scarface,,8.3,"Crime,Drama,Back to top",1983,170.0,"In 1980 Miami, a determined Cuban immigrant takes over a drug cartel and succumbs to greed.","Al Pacino,Michelle Pfeiffer,Steven Bauer",R,United States,English
Full Metal Jacket,,8.3,"Drama,War,Back to top",1987,116.0,A pragmatic U.S. Marine observes the dehumanizing effects the Vietnam War has on his fellow recruits from their brutal boot camp training to the bloody street fighting in Hue.,"Matthew Modine,R. Lee Ermey,Vincent D'Onofrio",R,United Kingdom,English
A Clockwork Orange,,8.3,"Crime,Sci-Fi,Back to top",1971,136.0,"In the future, a sadistic gang leader is imprisoned and volunteers for a conduct-aversion experiment, but it doesn't go as planned.","Malcolm McDowell,Patrick Magee,Michael Bates",X,United Kingdom,English
Double Indemnity,,8.3,"Crime,Drama,Film-Noir,Back to top",1944,107.0,"A Los Angeles insurance representative lets an alluring housewife seduce him into a scheme of insurance fraud and murder that arouses the suspicion of his colleague, an insurance investigator.","Fred MacMurray,Barbara Stanwyck,Edward G. Robinson",Passed,United States,English
Amélie,Original title: Le fabuleux destin d'Amélie Poulain,8.3,"Comedy,Romance,Back to top",2001,122.0,"Amélie is an innocent and naive girl in Paris with her own sense of justice. She decides to help those around her and, along the way, discovers love.","Audrey Tautou,Mathieu Kassovitz,Rufus",R,France,French
The Apartment,,8.3,"Comedy,Drama,Romance,Back to top",1960,125.0,"A Manhattan insurance clerk tries to rise in his company by letting its executives use his apartment for trysts, but complications and a romance of his own ensue.","Jack Lemmon,Shirley MacLaine,Fred MacMurray",Approved,United States,English
Vertigo,,8.3,"Mystery,Romance,Thriller,Back to top",1958,128.0,"A former San Francisco police detective juggles wrestling with his personal demons and becoming obsessed with the hauntingly beautiful woman he has been hired to trail, who may be deeply disturbed.","James Stewart,Kim Novak,Barbara Bel Geddes",PG,United States,English
North by Northwest,,8.3,"Action,Adventure,Mystery,Back to top",1959,136.0,"A New York City advertising executive goes on the run after being mistaken for a government agent by a group of foreign spies, and falls for a woman whose loyalties he begins to doubt.","Cary Grant,Eva Marie Saint,James Mason",Approved,United States,English
Ikiru,,8.3,"Drama,Back to top",1952,143.0,A bureaucrat tries to find meaning in his life after he discovers he has terminal cancer.,"Takashi Shimura,Nobuo Kaneko,Shin'ichi Himori",Not Rated,Japan,Japanese
M,Original title: M - Eine Stadt sucht einen Mörder,8.3,"Crime,Mystery,Thriller,Back to top",1931,99.0,"When the police in a German city are unable to catch a child-murderer, other criminals join in the manhunt.","Peter Lorre,Ellen Widmann,Inge Landgut",Passed,Germany,German
Lawrence of Arabia,,8.3,"Adventure,Biography,Drama,Back to top",1962,218.0,"The story of T.E. Lawrence, the English officer who successfully united and led the diverse, often warring, Arab tribes during World War I in order to fight the Turks.","Peter O'Toole,Alec Guinness,Anthony Quinn",Approved,United Kingdom,English
Citizen Kane,,8.3,"Drama,Mystery,Back to top",1941,119.0,"Following the death of publishing tycoon Charles Foster Kane, reporters scramble to uncover the meaning of his final utterance: 'Rosebud.'","Orson Welles,Joseph Cotten,Dorothy Comingore",PG,United States,English
The Hunt,Original title: Jagten,8.3,"Drama,Back to top",2012,115.0,"A teacher lives a lonely life, all the while struggling over his son's custody. His life slowly gets better as he finds love and receives good news from his son, but his new luck is about to be brutally shattered by an innocent little lie.","Mads Mikkelsen,Thomas Bo Larsen,Annika Wedderkopp",R,Denmark,Danish
Reservoir Dogs,,8.3,"Crime,Thriller,Back to top",1992,99.0,"When a simple jewelry heist goes horribly wrong, the surviving criminals begin to suspect that one of them is a police informant.","Harvey Keitel,Tim Roth,Michael Madsen",R,United States,English
Come and See,Original title: Idi i smotri,8.4,"Drama,Thriller,War,Back to top",1985,142.0,"After finding an old rifle, a young boy joins the Soviet resistance movement against ruthless German forces and experiences the horrors of World War II.","Aleksey Kravchenko,Olga Mironova,Liubomiras Laucevicius",Not Rated,Soviet Union,Belarusian
Eternal Sunshine of the Spotless Mind,,8.3,"Drama,Romance,Sci-Fi,Back to top",2004,108.0,"When their relationship turns sour, a couple undergoes a medical procedure to have each other erased from their memories for ever.","Jim Carrey,Kate Winslet,Tom Wilkinson",R,United States,English
2001: A Space Odyssey,,8.3,"Adventure,Sci-Fi,Back to top",1968,149.0,"After uncovering a mysterious artifact buried beneath the Lunar surface, a spacecraft is sent to Jupiter to find its origins - a spacecraft manned by two men and the supercomputer H.A.L. 9000.","Keir Dullea,Gary Lockwood,William Sylvester",G,United Kingdom,English
Star Wars: Episode VI - Return of the Jedi,,8.3,"Action,Adventure,Fantasy,Back to top",1983,131.0,"After rescuing Han Solo from Jabba the Hutt, the Rebels attempt to destroy the second Death Star, while Luke struggles to help Darth Vader back from the dark side.","Mark Hamill,Harrison Ford,Carrie Fisher",PG,United States,English
Capernaum,Original title: Capharnaüm,8.4,"Drama,Back to top",2018,126.0,"While serving a five-year sentence for a violent crime, a 12-year-old boy sues his parents for neglect.","Zain Al Rafeea,Yordanos Shiferaw,Boluwatife Treasure Bankole",R,Lebanon,Arabic
Toy Story 3,,8.3,"Animation,Adventure,Comedy,Back to top",2010,103.0,"The toys are mistakenly delivered to a day-care center instead of the attic right before Andy leaves for college, and it's up to Woody to convince the other toys that they weren't abandoned and to return home.","Tom Hanks,Tim Allen,Joan Cusack",G,United States,English
High and Low,Original title: Tengoku to jigoku,8.4,"Crime,Drama,Mystery,Back to top",1963,143.0,An executive of a Yokohama shoe company becomes a victim of extortion when his chauffeur's son is kidnapped by mistake and held for ransom.,"Toshirô Mifune,Yutaka Sada,Tatsuya Nakadai",Not Rated,Japan,Japanese
Requiem for a Dream,,8.3,"Drama,Back to top",2000,102.0,The drug-induced utopias of four Coney Island people are shattered when their addictions run deep.,"Ellen Burstyn,Jared Leto,Jennifer Connelly",Unrated,United States,English
3 Idiots,,8.4,"Comedy,Drama,Back to top",2009,170.0,"Two friends are searching for their long lost companion. They revisit their college days and recall the memories of their friend who inspired them to think differently, even as the rest of the world called them ""idiots"".","Aamir Khan,Madhavan,Mona Singh",PG-13,India,Hindi
Singin' in the Rain,,8.3,"Comedy,Musical,Romance,Back to top",1952,103.0,A silent film star falls for a chorus girl just as he and his delusionally jealous screen partner are trying to make the difficult transition to talking pictures in 1920s Hollywood.,"Gene Kelly,Donald O'Connor,Debbie Reynolds",G,United States,English
Your Name.,Original title: Kimi no na wa.,8.4,"Animation,Drama,Fantasy,Back to top",2016,106.0,"Two strangers find themselves linked in a bizarre way. When a connection forms, will distance be the only thing to keep them apart?","Ryunosuke Kamiki,Mone Kamishiraishi,Ryo Narita",TV-PG,Japan,Japanese
Good Will Hunting,,8.3,"Drama,Romance,Back to top",1997,126.0,"Will Hunting, a janitor at M.I.T., has a gift for mathematics, but needs help from a psychologist to find direction in his life.","Robin Williams,Matt Damon,Ben Affleck",R,United States,English
Once Upon a Time in America,,8.3,"Crime,Drama,Back to top",1984,229.0,"A former Prohibition-era Jewish gangster returns to the Lower East Side of Manhattan 35 years later, where he must once again confront the ghosts and regrets of his old life.","Robert De Niro,James Woods,Elizabeth McGovern",R,Italy,English
Princess Mononoke,Original title: Mononoke-hime,8.3,"Animation,Action,Adventure,Back to top",1997,134.0,"On a journey to find the cure for a Tatarigami's curse, Ashitaka finds himself in the middle of a war between the forest gods and Tatara, a mining colony. In this quest he also meets San, the Mononoke Hime.","Yôji Matsuda,Yuriko Ishida,Yûko Tanaka",PG-13,Japan,Japanese
Avengers: Endgame,,8.4,"Action,Adventure,Drama,Back to top",2019,181.0,"After the devastating events of Avengers: Infinity War (2018), the universe is in ruins. With the help of remaining allies, the Avengers assemble once more in order to reverse Thanos' actions and restore balance to the universe.","Robert Downey Jr.,Chris Evans,Mark Ruffalo",PG-13,United States,English
Das Boot,,8.4,"Drama,War,Back to top",1981,149.0,A German U-boat stalks the frigid waters of the North Atlantic as its young crew experience the sheer terror and claustrophobic life of a submariner in World War II.,"Jürgen Prochnow,Herbert Grönemeyer,Klaus Wennemann",,West Germany,German
Joker,,8.4,"Crime,Drama,Thriller,Back to top",2019,122.0,"The rise of Arthur Fleck, from aspiring stand-up comedian and pariah to Gotham's clown prince and leader of the revolution.","Joaquin Phoenix,Robert De Niro,Zazie Beetz",R,United States,English
Braveheart,,8.4,"Biography,Drama,History,Back to top",1995,178.0,Scottish warrior William Wallace leads his countrymen in a rebellion to free his homeland from the tyranny of King Edward I of England.,"Mel Gibson,Sophie Marceau,Patrick McGoohan",R,United States,English
Coco,,8.4,"Animation,Adventure,Comedy,Back to top",2017,105.0,"Aspiring musician Miguel, confronted with his family's ancestral ban on music, enters the Land of the Dead to find his great-great-grandfather, a legendary singer.","Anthony Gonzalez,Gael García Bernal,Benjamin Bratt",PG,United States,English
Toy Story,,8.3,"Animation,Adventure,Comedy,Back to top",1995,81.0,A cowboy doll is profoundly threatened and jealous when a new spaceman action figure supplants him as top toy in a boy's bedroom.,"Tom Hanks,Tim Allen,Don Rickles",G,United States,English
Amadeus,,8.4,"Biography,Drama,Music,Back to top",1984,160.0,"The life, success and troubles of Wolfgang Amadeus Mozart, as told by Antonio Salieri, the contemporaneous composer who was deeply jealous of Mozart's talent and claimed to have murdered him.","F. Murray Abraham,Tom Hulce,Elizabeth Berridge",PG,United States,English
Inglourious Basterds,,8.3,"Adventure,Drama,War,Back to top",2009,153.0,"In Nazi-occupied France during World War II, a plan to assassinate Nazi leaders by a group of Jewish U.S. soldiers coincides with a theatre owner's vengeful plans for the same.","Brad Pitt,Diane Kruger,Eli Roth",R,Germany,English
Oldboy,Original title: Oldeuboi,8.4,"Action,Drama,Mystery,Back to top",2003,,"After being kidnapped and imprisoned for fifteen years, Oh Dae-Su is released, only to find that he must find his captor in five days.","Choi Min-sik,Yoo Ji-tae,Kang Hye-jeong",R,South Korea,Korean
The Dark Knight Rises,,8.4,"Action,Drama,Thriller,Back to top",2012,164.0,"Eight years after the Joker's reign of chaos, Batman is coerced out of exile with the assistance of the mysterious Selina Kyle in order to defend Gotham City from the vicious guerrilla terrorist Bane.","Christian Bale,Tom Hardy,Anne Hathaway",PG-13,United States,English
Dr. Strangelove or: How I Learned to Stop Worrying and Love the Bomb,,8.4,"Comedy,War,Back to top",1964,95.0,"An insane American general orders a bombing attack on the Soviet Union, triggering a path to nuclear holocaust that a war room full of politicians and generals frantically tries to stop.","Peter Sellers,George C. Scott,Sterling Hayden",PG,United Kingdom,English
American Beauty,,8.4,"Drama,Back to top",1999,122.0,A sexually frustrated suburban father has a mid-life crisis after becoming infatuated with his daughter's best friend.,"Kevin Spacey,Annette Bening,Thora Birch",R,United States,English
Spider-Man: Into the Spider-Verse,,8.4,"Animation,Action,Adventure,Back to top",2018,117.0,"Teen Miles Morales becomes the Spider-Man of his universe, and must join with five spider-powered individuals from other dimensions to stop a threat for all realities.","Shameik Moore,Jake Johnson,Hailee Steinfeld",PG,Canada,English
Aliens,,8.4,"Action,Adventure,Sci-Fi,Back to top",1986,137.0,"Decades after surviving the Nostromo incident, Ellen Ripley is sent out to re-establish contact with a terraforming colony but finds herself battling the Alien Queen and her offspring.","Sigourney Weaver,Michael Biehn,Carrie Henn",R,United Kingdom,English
Witness for the Prosecution,,8.4,"Crime,Drama,Mystery,Back to top",1957,116.0,A veteran British barrister must defend his client in a murder trial that has surprise after surprise.,"Tyrone Power,Marlene Dietrich,Charles Laughton",Approved,United States,English
Avengers: Infinity War,,8.4,"Action,Adventure,Sci-Fi,Back to top",2018,149.0,The Avengers and their allies must be willing to sacrifice all in an attempt to defeat the powerful Thanos before his blitz of devastation and ruin puts an end to the universe.,"Robert Downey Jr.,Chris Hemsworth,Mark Ruffalo",PG-13,United States,English
The Great Dictator,,8.4,"Comedy,Drama,War,Back to top",1940,125.0,Dictator Adenoid Hynkel tries to expand his empire while a poor Jewish barber tries to avoid persecution from Hynkel's regime.,"Charles Chaplin,Paulette Goddard,Jack Oakie",G,United States,English
The Matrix,,8.7,"Action,Sci-Fi,Back to top",1999,136.0,"When a beautiful stranger leads computer hacker Neo to a forbidding underworld, he discovers the shocking truth--the life he knows is the elaborate deception of an evil cyber-intelligence.","Keanu Reeves,Laurence Fishburne,Carrie-Anne Moss",R,United States,English
Star Wars: Episode V - The Empire Strikes Back,Original title: The Empire Strikes Back,8.7,"Action,Adventure,Fantasy,Back to top",1980,124.0,"After the Rebels are overpowered by the Empire, Luke Skywalker begins his Jedi training with Yoda, while his friends are pursued across the galaxy by Darth Vader and bounty hunter Boba Fett.","Mark Hamill,Harrison Ford,Carrie Fisher",PG,United States,English
Inception,,8.8,"Action,Adventure,Sci-Fi,Back to top",2010,148.0,"A thief who steals corporate secrets through the use of dream-sharing technology is given the inverse task of planting an idea into the mind of a C.E.O., but his tragic past may doom the project and his team to disaster.","Leonardo DiCaprio,Joseph Gordon-Levitt,Elliot Page",PG-13,United States,English
The Lord of the Rings: The Two Towers,,8.8,"Action,Adventure,Drama,Back to top",2002,179.0,"While Frodo and Sam edge closer to Mordor with the help of the shifty Gollum, the divided fellowship makes a stand against Sauron's new ally, Saruman, and his hordes of Isengard.","Elijah Wood,Ian McKellen,Viggo Mortensen",PG-13,New Zealand,English
Fight Club,,8.8,"Drama,Back to top",1999,139.0,An insomniac office worker and a devil-may-care soap maker form an underground fight club that evolves into much more.,"Brad Pitt,Edward Norton,Meat Loaf",R,Germany,English
Forrest Gump,,8.8,"Drama,Romance,Back to top",1994,142.0,"The presidencies of Kennedy and Johnson, the Vietnam War, the Watergate scandal and other historical events unfold from the perspective of an Alabama man with an IQ of 75, whose only desire is to be reunited with his childhood sweetheart.","Tom Hanks,Robin Wright,Gary Sinise",PG-13,United States,English
"The Good, the Bad and the Ugly","Original title: Il buono, il brutto, il cattivo",8.8,"Adventure,Western,Back to top",1966,178.0,A bounty hunting scam joins two men in an uneasy alliance against a third in a race to find a fortune in gold buried in a remote cemetery.,"Clint Eastwood,Eli Wallach,Lee Van Cleef",Approved,Italy,Italian
The Lord of the Rings: The Fellowship of the Ring,,8.8,"Action,Adventure,Drama,Back to top",2001,178.0,A meek Hobbit from the Shire and eight companions set out on a journey to destroy the powerful One Ring and save Middle-earth from the Dark Lord Sauron.,"Elijah Wood,Ian McKellen,Orlando Bloom",PG-13,New Zealand,English
Pulp Fiction,,8.9,"Crime,Drama,Back to top",1994,154.0,"The lives of two mob hitmen, a boxer, a gangster and his wife, and a pair of diner bandits intertwine in four tales of violence and redemption.","John Travolta,Uma Thurman,Samuel L. Jackson",R,United States,English
The Lord of the Rings: The Return of the King,,9.0,"Action,Adventure,Drama,Back to top",2003,201.0,Gandalf and Aragorn lead the World of Men against Sauron's army to draw his gaze from Frodo and Sam as they approach Mount Doom with the One Ring.,"Elijah Wood,Viggo Mortensen,Ian McKellen",PG-13,New Zealand,English
Schindler's List,,9.0,"Biography,Drama,History,Back to top",1993,195.0,"In German-occupied Poland during World War II, industrialist Oskar Schindler gradually becomes concerned for his Jewish workforce after witnessing their persecution by the Nazis.","Liam Neeson,Ralph Fiennes,Ben Kingsley",R,United States,English
12 Angry Men,,9.0,"Crime,Drama,Back to top",1957,96.0,The jury in a New York City murder trial is frustrated by a single member whose skeptical caution forces them to more carefully consider the evidence before jumping to a hasty verdict.,"Henry Fonda,Lee J. Cobb,Martin Balsam",Approved,United States,English
